year,coalition,coalition_full,membership,ballot_label,party
2013,Ang Kapatiran,Ang Kapatiran Party (party slate),core,"DAVID, LITO (KPTRAN)",KPTRAN
2013,Ang Kapatiran,Ang Kapatiran Party (party slate),core,"DELOS REYES, JC (KPTRAN)",KPTRAN
2013,Ang Kapatiran,Ang Kapatiran Party (party slate),core,"LLASOS, MARWIL (KPTRAN)",KPTRAN
2013,Democratic Party of the Philippines,Democratic Party of the Philippines (party slate),core,"BELGICA, GRECO (DPP)",DPP
2013,Democratic Party of the Philippines,Democratic Party of the Philippines (party slate),core,"FALCONE, BAL (DPP)",DPP
2013,Democratic Party of the Philippines,Democratic Party of the Philippines (party slate),core,"SENERES, CHRISTIAN (DPP)",DPP
2013,Independent / none,No coalition / independent or minor-party slate,none,"ALCANTARA, SAMSON (SJS)",SJS
2013,Independent / none,No coalition / independent or minor-party slate,none,"HAGEDORN, ED",
2013,Independent / none,No coalition / independent or minor-party slate,none,"MONTANO, MON",
2013,Independent / none,No coalition / independent or minor-party slate,none,"PENSON, RICARDO",
2013,Independent / none,No coalition / independent or minor-party slate,none,"VILLANUEVA, BRO.EDDIE (BP)",BP
2013,Makabayan,Makabayan coalition (progressive party-list bloc),core,"CASINO, TEDDY (MKB)",MKB
2013,Team PNoy,"Team PNoy (LP-led administration coalition: LP, NP, NPC, Akbayan, LDP)",core,"ANGARA, EDGARDO (LDP)",LDP
2013,Team PNoy,"Team PNoy (LP-led administration coalition: LP, NP, NPC, Akbayan, LDP)",core,"AQUINO, BENIGNO BAM (LP)",LP
2013,Team PNoy,"Team PNoy (LP-led administration coalition: LP, NP, NPC, Akbayan, LDP)",core,"CAYETANO, ALAN PETER (NP)",NP
2013,Team PNoy,"Team PNoy (LP-led administration coalition: LP, NP, NPC, Akbayan, LDP)",guest,"ESCUDERO, CHIZ",
2013,Team PNoy,"Team PNoy (LP-led administration coalition: LP, NP, NPC, Akbayan, LDP)",core,"HONTIVEROS, RISA (AKBAYAN)",AKBAYAN
2013,Team PNoy,"Team PNoy (LP-led administration coalition: LP, NP, NPC, Akbayan, LDP)",guest,"LEGARDA, LOREN (NPC)",NPC
2013,Team PNoy,"Team PNoy (LP-led administration coalition: LP, NP, NPC, Akbayan, LDP)",core,"MADRIGAL, JAMBY (LP)",LP
2013,Team PNoy,"Team PNoy (LP-led administration coalition: LP, NP, NPC, Akbayan, LDP)",core,"MAGSAYSAY, RAMON JR. (LP)",LP
2013,Team PNoy,"Team PNoy (LP-led administration coalition: LP, NP, NPC, Akbayan, LDP)",core,"PIMENTEL, KOKO (PDP)",PDP
2013,Team PNoy,"Team PNoy (LP-led administration coalition: LP, NP, NPC, Akbayan, LDP)",guest,"POE, GRACE",
2013,Team PNoy,"Team PNoy (LP-led administration coalition: LP, NP, NPC, Akbayan, LDP)",core,"TRILLANES, ANTONIO IV (NP)",NP
2013,Team PNoy,"Team PNoy (LP-led administration coalition: LP, NP, NPC, Akbayan, LDP)",core,"VILLAR, CYNTHIA HANEPBUHAY (NP)",NP
2013,UNA,United Nationalist Alliance,core,"BINAY, NANCY (UNA)",UNA
2013,UNA,United Nationalist Alliance,core,"COJUANGCO, TINGTING (UNA)",UNA
2013,UNA,United Nationalist Alliance,core,"EJERCITO ESTRADA, JV (UNA)",UNA
2013,UNA,United Nationalist Alliance,core,"ENRILE, JUAN PONCE JR.(NPC)",NPC
2013,UNA,United Nationalist Alliance,guest,"ESCUDERO, CHIZ",
2013,UNA,United Nationalist Alliance,core,"GORDON, DICK (UNA)",UNA
2013,UNA,United Nationalist Alliance,core,"HONASAN, GRINGO (UNA)",UNA
2013,UNA,United Nationalist Alliance,guest,"LEGARDA, LOREN (NPC)",NPC
2013,UNA,United Nationalist Alliance,core,"MACEDA, MANONG ERNIE (UNA)",UNA
2013,UNA,United Nationalist Alliance,core,"MAGSAYSAY, MITOS (UNA)",UNA
2013,UNA,United Nationalist Alliance,guest,"POE, GRACE",
2013,UNA,United Nationalist Alliance,core,"ZUBIRI, MIGZ (UNA)",UNA
2016,Independent / none,No coalition / independent or minor-party slate,none,"ALBANI, SHARIFF (IND)",IND
2016,Independent / none,No coalition / independent or minor-party slate,none,"ALI, ALDIN (WPPPMM)",WPPPMM
2016,Independent / none,No coalition / independent or minor-party slate,none,"ALUNAN, RAFFY (IND)",IND
2016,Independent / none,No coalition / independent or minor-party slate,none,"ARQUIZA, GODOFREDO (IND)",IND
2016,Independent / none,No coalition / independent or minor-party slate,none,"BALIGOD, LEVITO (IND)",IND
2016,Independent / none,No coalition / independent or minor-party slate,none,"BELGICA, GRECO (IND)",IND
2016,Independent / none,No coalition / independent or minor-party slate,none,"BELLO, WALDEN (IND)",IND
2016,Independent / none,No coalition / independent or minor-party slate,none,"CAM, SANDRA (PMP)",PMP
2016,Independent / none,No coalition / independent or minor-party slate,none,"CHAVEZ, MEL (WPPPMM)",WPPPMM
2016,Independent / none,No coalition / independent or minor-party slate,none,"DORONA, RAY (IND)",IND
2016,Independent / none,No coalition / independent or minor-party slate,none,"GADON, LARRY (KBL)",KBL
2016,Independent / none,No coalition / independent or minor-party slate,none,"KABALU, EID (IND)",IND
2016,Independent / none,No coalition / independent or minor-party slate,none,"LIBAN, DANTE (IND)",IND
2016,Independent / none,No coalition / independent or minor-party slate,none,"MAGANTO, ROMEO (LAKAS)",LAKAS
2016,Independent / none,No coalition / independent or minor-party slate,none,"MONTAÑO, MON (IND)",IND
2016,Independent / none,No coalition / independent or minor-party slate,none,"OSMEÑA, SERGIO III (IND)",IND
2016,Independent / none,No coalition / independent or minor-party slate,none,"PALPARAN, JOVITO JR. (IND)",IND
2016,Independent / none,No coalition / independent or minor-party slate,none,"SANTIAGO, DIONISIO (IND)",IND
2016,Independent / none,No coalition / independent or minor-party slate,none,"TOLENTINO, FRANCIS (IND)",IND
2016,Independent / none,No coalition / independent or minor-party slate,none,"VALEROSO, DIOSDADO (IND)",IND
2016,Koalisyon ng Daang Matuwid,"Koalisyon ng Daang Matuwid (LP-led administration coalition, Roxas)",core,"AMBOLODTO, INA (LP)",LP
2016,Koalisyon ng Daang Matuwid,"Koalisyon ng Daang Matuwid (LP-led administration coalition, Roxas)",core,"DE LIMA, LEILA (LP)",LP
2016,Koalisyon ng Daang Matuwid,"Koalisyon ng Daang Matuwid (LP-led administration coalition, Roxas)",core,"DRILON, FRANK (LP)",LP
2016,Koalisyon ng Daang Matuwid,"Koalisyon ng Daang Matuwid (LP-led administration coalition, Roxas)",core,"GUINGONA, TG (LP)",LP
2016,Koalisyon ng Daang Matuwid,"Koalisyon ng Daang Matuwid (LP-led administration coalition, Roxas)",core,"HONTIVEROS, RISA (AKBYN)",AKBYN
2016,Koalisyon ng Daang Matuwid,"Koalisyon ng Daang Matuwid (LP-led administration coalition, Roxas)",guest,"LACSON, PANFILO PING (IND)",IND
2016,Koalisyon ng Daang Matuwid,"Koalisyon ng Daang Matuwid (LP-led administration coalition, Roxas)",core,"LAPID, MARK (AKSYON)",AKSYON
2016,Koalisyon ng Daang Matuwid,"Koalisyon ng Daang Matuwid (LP-led administration coalition, Roxas)",core,"PAEZ, MR. COOP (IND)",IND
2016,Koalisyon ng Daang Matuwid,"Koalisyon ng Daang Matuwid (LP-led administration coalition, Roxas)",core,"PANGILINAN, KIKO (LP)",LP
2016,Koalisyon ng Daang Matuwid,"Koalisyon ng Daang Matuwid (LP-led administration coalition, Roxas)",core,"PETILLA, CARLOS JERICHO (LP)",LP
2016,Koalisyon ng Daang Matuwid,"Koalisyon ng Daang Matuwid (LP-led administration coalition, Roxas)",core,"RECTO, RALPH (LP)",LP
2016,Koalisyon ng Daang Matuwid,"Koalisyon ng Daang Matuwid (LP-led administration coalition, Roxas)",core,"VILLANUEVA, JOEL TESDAMAN (LP)",LP
2016,Makabayan,Makabayan coalition (progressive party-list bloc),core,"COLMENARES, NERI (MKBYN)",MKBYN
2016,Partido Galing at Puso,Partido Galing at Puso (Poe-Escudero slate),guest,"COLMENARES, NERI (MKBYN)",MKBYN
2016,Partido Galing at Puso,Partido Galing at Puso (Poe-Escudero slate),core,"DOMAGOSO, ISKO MORENO (PMP)",PMP
2016,Partido Galing at Puso,Partido Galing at Puso (Poe-Escudero slate),core,"GATCHALIAN, WIN (NPC)",NPC
2016,Partido Galing at Puso,Partido Galing at Puso (Poe-Escudero slate),guest,"GORDON, DICK (IND)",IND
2016,Partido Galing at Puso,Partido Galing at Puso (Poe-Escudero slate),core,"KAPUNAN, ATTY. LORNA (AKSYON)",AKSYON
2016,Partido Galing at Puso,Partido Galing at Puso (Poe-Escudero slate),core,"MANZANO, EDU (IND)",IND
2016,Partido Galing at Puso,Partido Galing at Puso (Poe-Escudero slate),guest,"OPLE, SUSAN (NP)",NP
2016,Partido Galing at Puso,Partido Galing at Puso (Poe-Escudero slate),core,"PAGDILAO, SAMUEL (IND)",IND
2016,Partido Galing at Puso,Partido Galing at Puso (Poe-Escudero slate),guest,"RECTO, RALPH (LP)",LP
2016,Partido Galing at Puso,Partido Galing at Puso (Poe-Escudero slate),core,"ROMULO, ROMAN (IND)",IND
2016,Partido Galing at Puso,Partido Galing at Puso (Poe-Escudero slate),guest,"SOTTO, VICENTE (NPC)",NPC
2016,Partido Galing at Puso,Partido Galing at Puso (Poe-Escudero slate),guest,"ZUBIRI, MIGZ (IND)",IND
2016,UNA,United Nationalist Alliance,guest,"GORDON, DICK (IND)",IND
2016,UNA,United Nationalist Alliance,core,"KIRAM, PRINCESS JACEL (UNA)",UNA
2016,UNA,United Nationalist Alliance,core,"LACSAMANA, ALMA MORENO (UNA)",UNA
2016,UNA,United Nationalist Alliance,guest,"LACSON, PANFILO PING (IND)",IND
2016,UNA,United Nationalist Alliance,core,"LANGIT, REY (UNA)",UNA
2016,UNA,United Nationalist Alliance,core,"MONTANO, ALLAN (UNA)",UNA
2016,UNA,United Nationalist Alliance,core,"NAPEÑAS, GETULIO (UNA)",UNA
2016,UNA,United Nationalist Alliance,guest,"OPLE, SUSAN (NP)",NP
2016,UNA,United Nationalist Alliance,core,"PACQUIAO, MANNY (UNA)",UNA
2016,UNA,United Nationalist Alliance,guest,"ROMUALDEZ, MARTIN (LAKAS)",LAKAS
2016,UNA,United Nationalist Alliance,guest,"SOTTO, VICENTE (NPC)",NPC
2016,UNA,United Nationalist Alliance,guest,"ZUBIRI, MIGZ (IND)",IND
2019,Hugpong ng Pagbabago,"Hugpong ng Pagbabago (administration regional coalition, Sara Duterte)",core,"ANGARA, EDGARDO SONNY (LDP)",LDP
2019,Hugpong ng Pagbabago,"Hugpong ng Pagbabago (administration regional coalition, Sara Duterte)",core,"BONG REVILLA, RAMON JR (LAKAS)",LAKAS
2019,Hugpong ng Pagbabago,"Hugpong ng Pagbabago (administration regional coalition, Sara Duterte)",core,"CAYETANO, PIA (NP)",NP
2019,Hugpong ng Pagbabago,"Hugpong ng Pagbabago (administration regional coalition, Sara Duterte)",core,"DELA ROSA, BATO (PDPLBN)",PDPLBN
2019,Hugpong ng Pagbabago,"Hugpong ng Pagbabago (administration regional coalition, Sara Duterte)",core,"EJERCITO, ESTRADA JV (NPC)",NPC
2019,Hugpong ng Pagbabago,"Hugpong ng Pagbabago (administration regional coalition, Sara Duterte)",core,"ESTRADA, JINGGOY (PMP)",PMP
2019,Hugpong ng Pagbabago,"Hugpong ng Pagbabago (administration regional coalition, Sara Duterte)",core,"GO, BONG GO (PDPLBN)",PDPLBN
2019,Hugpong ng Pagbabago,"Hugpong ng Pagbabago (administration regional coalition, Sara Duterte)",core,"MANGUDADATU, DONG (PDPLBN)",PDPLBN
2019,Hugpong ng Pagbabago,"Hugpong ng Pagbabago (administration regional coalition, Sara Duterte)",core,"MANICAD, JIGGY (IND)",IND
2019,Hugpong ng Pagbabago,"Hugpong ng Pagbabago (administration regional coalition, Sara Duterte)",core,"MARCOS, IMEE (NP)",NP
2019,Hugpong ng Pagbabago,"Hugpong ng Pagbabago (administration regional coalition, Sara Duterte)",core,"ONG, DOC WILLIE (LAKAS)",LAKAS
2019,Hugpong ng Pagbabago,"Hugpong ng Pagbabago (administration regional coalition, Sara Duterte)",core,"PIMENTEL, KOKO (PDPLBN)",PDPLBN
2019,Hugpong ng Pagbabago,"Hugpong ng Pagbabago (administration regional coalition, Sara Duterte)",core,"TOLENTINO, FRANCIS (PDPLBN)",PDPLBN
2019,Hugpong ng Pagbabago,"Hugpong ng Pagbabago (administration regional coalition, Sara Duterte)",core,"VILLAR, CYNTHIA (NP)",NP
2019,Independent / none,No coalition / independent or minor-party slate,none,"ABEJO, VANGIE (IND)",IND
2019,Independent / none,No coalition / independent or minor-party slate,none,"AFUANG, ABNER (WPP)",WPP
2019,Independent / none,No coalition / independent or minor-party slate,none,"AGUILAR, FREDDIE (IND)",IND
2019,Independent / none,No coalition / independent or minor-party slate,none,"ALBANI, SHARIFF (WPP)",WPP
2019,Independent / none,No coalition / independent or minor-party slate,none,"ALFAJORA, RICHARD (IND)",IND
2019,Independent / none,No coalition / independent or minor-party slate,none,"ALUNAN, RAFFY (BGMBYN)",BGMBYN
2019,Independent / none,No coalition / independent or minor-party slate,none,"ARCEGA, GERALD (WPP)",WPP
2019,Independent / none,No coalition / independent or minor-party slate,none,"ARIAS, MARCELINO (WPP)",WPP
2019,Independent / none,No coalition / independent or minor-party slate,none,"AUSTRIA, BERNARD (PDSP)",PDSP
2019,Independent / none,No coalition / independent or minor-party slate,none,"BALDEVARONA, BALDE (FFP)",FFP
2019,Independent / none,No coalition / independent or minor-party slate,none,"BINAY, NANCY (UNA)",UNA
2019,Independent / none,No coalition / independent or minor-party slate,none,"CACERES, JESUS (IND)",IND
2019,Independent / none,No coalition / independent or minor-party slate,none,"CHAVEZ, MELCHOR (WPP)",WPP
2019,Independent / none,No coalition / independent or minor-party slate,none,"ENRILE, JUAN PONCE (PMP)",PMP
2019,Independent / none,No coalition / independent or minor-party slate,none,"ESCUDERO, AGNES (IND)",IND
2019,Independent / none,No coalition / independent or minor-party slate,none,"FRANCISCO, ELMER (PFP)",PFP
2019,Independent / none,No coalition / independent or minor-party slate,none,"GADDI, CHARLIE (IND)",IND
2019,Independent / none,No coalition / independent or minor-party slate,none,"GADON, LARRY (KBL)",KBL
2019,Independent / none,No coalition / independent or minor-party slate,none,"GENEROSO,GEN PEDERALISMO (IND)",IND
2019,Independent / none,No coalition / independent or minor-party slate,none,"GUIGAYUMA, JUNBERT (WPP)",WPP
2019,Independent / none,No coalition / independent or minor-party slate,none,"JANGAO, BFG ABRAHAM (IND)",IND
2019,Independent / none,No coalition / independent or minor-party slate,none,"LAPID, LITO (NPC)",NPC
2019,Independent / none,No coalition / independent or minor-party slate,none,"MALLILLIN, EMILY (IND)",IND
2019,Independent / none,No coalition / independent or minor-party slate,none,"MANGONDATO, FAISAL (IND)",IND
2019,Independent / none,No coalition / independent or minor-party slate,none,"MENIANO, LUTHER (WPP)",WPP
2019,Independent / none,No coalition / independent or minor-party slate,none,"NALLIW, JOAN SHEELAH (IND)",IND
2019,Independent / none,No coalition / independent or minor-party slate,none,"OSMEÑA, SERGE (IND)",IND
2019,Independent / none,No coalition / independent or minor-party slate,none,"PADILLA, DADO (PFP)",PFP
2019,Independent / none,No coalition / independent or minor-party slate,none,"POE, GRACE (IND)",IND
2019,Independent / none,No coalition / independent or minor-party slate,none,"ROLEDA, DAN KAIBIGAN (UNA)",UNA
2019,Katipunan ng Demokratikong Pilipino,Katipunan ng Demokratikong Pilipino (party slate),core,"CASIÑO, TOTI (KDP)",KDP
2019,Katipunan ng Demokratikong Pilipino,Katipunan ng Demokratikong Pilipino (party slate),core,"CHONG, GLENN (KDP)",KDP
2019,Katipunan ng Demokratikong Pilipino,Katipunan ng Demokratikong Pilipino (party slate),core,"JAVELLANA, RJ (KDP)",KDP
2019,Katipunan ng Demokratikong Pilipino,Katipunan ng Demokratikong Pilipino (party slate),core,"SAHIDULLA, LADY ANN (KDP)",KDP
2019,Katipunan ng Demokratikong Pilipino,Katipunan ng Demokratikong Pilipino (party slate),core,"VALDES, BUTCH (KDP)",KDP
2019,Labor Win,Labor Win (labor coalition),core,"ARELLANO, ERNESTO (IND)",IND
2019,Labor Win,Labor Win (labor coalition),core,"COLMENARES, NERI (MKBYN)",MKBYN
2019,Labor Win,Labor Win (labor coalition),core,"DE GUZMAN, KA LEODY (PLM)",PLM
2019,Labor Win,Labor Win (labor coalition),core,"MATULA, JOSE SONNY (WPP)",WPP
2019,Labor Win,Labor Win (labor coalition),core,"MONTAÑO, ALLAN (IND)",IND
2019,Otso Diretso,"Otso Diretso (opposition coalition: LP, Akbayan, Aksyon, Magdalo)",core,"ALEJANO, GARY (LP)",LP
2019,Otso Diretso,"Otso Diretso (opposition coalition: LP, Akbayan, Aksyon, Magdalo)",core,"AQUINO, BENIGNO BAM  (LP)",LP
2019,Otso Diretso,"Otso Diretso (opposition coalition: LP, Akbayan, Aksyon, Magdalo)",core,"DIOKNO, CHEL (LP)",LP
2019,Otso Diretso,"Otso Diretso (opposition coalition: LP, Akbayan, Aksyon, Magdalo)",core,"GUTOC, SAMIRA (LP)",LP
2019,Otso Diretso,"Otso Diretso (opposition coalition: LP, Akbayan, Aksyon, Magdalo)",core,"HILBAY, PILO (AKSYON)",AKSYON
2019,Otso Diretso,"Otso Diretso (opposition coalition: LP, Akbayan, Aksyon, Magdalo)",core,"MACALINTAL, MACAROMY (IND)",IND
2019,Otso Diretso,"Otso Diretso (opposition coalition: LP, Akbayan, Aksyon, Magdalo)",core,"ROXAS, MAR (LP)",LP
2019,Otso Diretso,"Otso Diretso (opposition coalition: LP, Akbayan, Aksyon, Magdalo)",core,"TAÑADA,LORENZO ERIN TAPAT (LP)",LP
2022,Aksyon (Isko Moreno),Isko Moreno slate (Aksyon Demokratiko),core,"BALITA, CARL (AKSYON)",AKSYON
2022,Aksyon (Isko Moreno),Isko Moreno slate (Aksyon Demokratiko),core,"CASTRICIONES, BRO JOHN(PDPLBN)",PDPLBN
2022,Aksyon (Isko Moreno),Isko Moreno slate (Aksyon Demokratiko),core,"GUTOC, SAMIRA (AKSYON)",AKSYON
2022,Aksyon (Isko Moreno),Isko Moreno slate (Aksyon Demokratiko),core,"SISON, JOPET (AKSYON)",AKSYON
2022,Independent / none,No coalition / independent or minor-party slate,none,"AFUANG, ABNER (IND)",IND
2022,Independent / none,No coalition / independent or minor-party slate,none,"ALBANI, IBRAHIM (WPP)",WPP
2022,Independent / none,No coalition / independent or minor-party slate,none,"ARRANZA, MANG JESS (IND)",IND
2022,Independent / none,No coalition / independent or minor-party slate,none,"BAILEN, AGNES (IND)",IND
2022,Independent / none,No coalition / independent or minor-party slate,none,"BELGICA, GRECO (PDDS)",PDDS
2022,Independent / none,No coalition / independent or minor-party slate,none,"BELLO, SILVESTRE JR. (PDPLBN)",PDPLBN
2022,Independent / none,No coalition / independent or minor-party slate,none,"CAYETANO, ALAN PETER (IND)",IND
2022,Independent / none,No coalition / independent or minor-party slate,none,"CHAVEZ, MELCHOR (WPP)",WPP
2022,Independent / none,No coalition / independent or minor-party slate,none,"DEL ROSARIO, MONSOUR (PDR)",PDR
2022,Independent / none,No coalition / independent or minor-party slate,none,"DIAZ, DING (PPP)",PPP
2022,Independent / none,No coalition / independent or minor-party slate,none,"EREÑO, BRO. ERNIE (PM)",PM
2022,Independent / none,No coalition / independent or minor-party slate,none,"FALCONE, BAL FALCON (DPP)",DPP
2022,Independent / none,No coalition / independent or minor-party slate,none,"JAVELLANA, RJ (IND)",IND
2022,Independent / none,No coalition / independent or minor-party slate,none,"KIRAM, NUR-MAHAL (IND)",IND
2022,Independent / none,No coalition / independent or minor-party slate,none,"LANGIT, REY (PDPLBN)",PDPLBN
2022,Independent / none,No coalition / independent or minor-party slate,none,"LIM, ARIEL (IND)",IND
2022,Independent / none,No coalition / independent or minor-party slate,none,"MALLILLIN, EMILY (PPM)",PPM
2022,Independent / none,No coalition / independent or minor-party slate,none,"MARCOLETA, RODANTE (PDPLBN)",PDPLBN
2022,Independent / none,No coalition / independent or minor-party slate,none,"MARCOS, FRANCIS LEO (IND)",IND
2022,Independent / none,No coalition / independent or minor-party slate,none,"MINDALANO-ADAM,MARIETA(KTPNAN)",KTPNAN
2022,Independent / none,No coalition / independent or minor-party slate,none,"OLARTE, ATTY/DR. LEO (BIGKIS)",BIGKIS
2022,Independent / none,No coalition / independent or minor-party slate,none,"PANELO, SAL PANALO (PDPLBN)",PDPLBN
2022,Independent / none,No coalition / independent or minor-party slate,none,"PIMENTEL, ASTRA (PDPLBN)",PDPLBN
2022,Independent / none,No coalition / independent or minor-party slate,none,"RICABLANCA, WILLIE JR. (PM)",PM
2022,Independent / none,No coalition / independent or minor-party slate,none,"SAHIDULLA, LADY ANNE (PDDS)",PDDS
2022,Independent / none,No coalition / independent or minor-party slate,none,"VALEROS, REY (IND)",IND
2022,Independent / none,No coalition / independent or minor-party slate,none,"ZUBIAGA, CARMEN (IND)",IND
2022,LEAD (PLM),Leody de Guzman-Walden Bello / LEAD (Partido Lakas ng Masa),core,"CABONEGRO, ROY (PLM)",PLM
2022,LEAD (PLM),Leody de Guzman-Walden Bello / LEAD (Partido Lakas ng Masa),core,"D'ANGELO, DAVID (PLM)",PLM
2022,LEAD (PLM),Leody de Guzman-Walden Bello / LEAD (Partido Lakas ng Masa),core,"ESPIRITU, LUKE (PLM)",PLM
2022,Lacson-Sotto,Lacson-Sotto slate (Partido Reporma / NPC),core,"ELEAZAR, GEN. GUILLERMO (PDR)",PDR
2022,Lacson-Sotto,Lacson-Sotto slate (Partido Reporma / NPC),guest,"HONASAN, GRINGO (IND)",IND
2022,Lacson-Sotto,Lacson-Sotto slate (Partido Reporma / NPC),core,"PADILLA, DRA. MINGUITA (PDR)",PDR
2022,Lacson-Sotto,Lacson-Sotto slate (Partido Reporma / NPC),core,"PIÑOL, MANNY (NPC)",NPC
2022,Makabayan,Makabayan coalition (progressive party-list bloc),core,"COLMENARES, NERI (MKBYN)",MKBYN
2022,Makabayan,Makabayan coalition (progressive party-list bloc),core,"LABOG, ELMER (MKBYN)",MKBYN
2022,Pacquiao (MP3/PROMDI),Manny Pacquiao slate (MP3 Alliance / PROMDI-PDP faction),guest,"BARBO, LUTZ (PDPLBN)",PDPLBN
2022,Pacquiao (MP3/PROMDI),Manny Pacquiao slate (MP3 Alliance / PROMDI-PDP faction),guest,"BINAY, JOJO (UNA)",UNA
2022,Pacquiao (MP3/PROMDI),Manny Pacquiao slate (MP3 Alliance / PROMDI-PDP faction),guest,"EJERCITO, JV ESTRADA (NPC)",NPC
2022,Pacquiao (MP3/PROMDI),Manny Pacquiao slate (MP3 Alliance / PROMDI-PDP faction),guest,"ESCUDERO, CHIZ (NPC)",NPC
2022,Pacquiao (MP3/PROMDI),Manny Pacquiao slate (MP3 Alliance / PROMDI-PDP faction),guest,"LEGARDA, LOREN (NPC)",NPC
2022,Pacquiao (MP3/PROMDI),Manny Pacquiao slate (MP3 Alliance / PROMDI-PDP faction),guest,"TULFO, IDOL RAFFY (IND)",IND
2022,Pacquiao (MP3/PROMDI),Manny Pacquiao slate (MP3 Alliance / PROMDI-PDP faction),guest,"VILLANUEVA,JOEL TESDAMAN (IND)",IND
2022,Pacquiao (MP3/PROMDI),Manny Pacquiao slate (MP3 Alliance / PROMDI-PDP faction),guest,"ZUBIRI, MIGZ (IND)",IND
2022,Tropang Angat,Team Robredo-Pangilinan / Tropang Angat (opposition),core,"BAGUILAT, TEDDY (LP)",LP
2022,Tropang Angat,Team Robredo-Pangilinan / Tropang Angat (opposition),guest,"BINAY, JOJO (UNA)",UNA
2022,Tropang Angat,Team Robredo-Pangilinan / Tropang Angat (opposition),core,"DE LIMA, LEILA (LP)",LP
2022,Tropang Angat,Team Robredo-Pangilinan / Tropang Angat (opposition),core,"DIOKNO, CHEL (KANP)",KANP
2022,Tropang Angat,Team Robredo-Pangilinan / Tropang Angat (opposition),guest,"ESCUDERO, CHIZ (NPC)",NPC
2022,Tropang Angat,Team Robredo-Pangilinan / Tropang Angat (opposition),guest,"GORDON, WOW DICK (BVNP)",BVNP
2022,Tropang Angat,Team Robredo-Pangilinan / Tropang Angat (opposition),core,"HONTIVEROS, RISA (AKBAYAN)",AKBAYAN
2022,Tropang Angat,Team Robredo-Pangilinan / Tropang Angat (opposition),core,"LACSON, KUYA ALEX (KP)",KP
2022,Tropang Angat,Team Robredo-Pangilinan / Tropang Angat (opposition),core,"MATULA, SONNY (IND)",IND
2022,Tropang Angat,Team Robredo-Pangilinan / Tropang Angat (opposition),core,"TRILLANES, ANTONIO IV (LP)",LP
2022,Tropang Angat,Team Robredo-Pangilinan / Tropang Angat (opposition),guest,"VILLANUEVA,JOEL TESDAMAN (IND)",IND
2022,UniTeam,"UniTeam Alliance (Marcos-Duterte: Lakas, PDP-Laban faction, NP, others)",core,"BAUTISTA, HERBERT BISTEK (NPC)",NPC
2022,UniTeam,"UniTeam Alliance (Marcos-Duterte: Lakas, PDP-Laban faction, NP, others)",core,"ESTRADA, JINGGOY (PMP)",PMP
2022,UniTeam,"UniTeam Alliance (Marcos-Duterte: Lakas, PDP-Laban faction, NP, others)",core,"GADON, LARRY (KBL)",KBL
2022,UniTeam,"UniTeam Alliance (Marcos-Duterte: Lakas, PDP-Laban faction, NP, others)",core,"GATCHALIAN, WIN (NPC)",NPC
2022,UniTeam,"UniTeam Alliance (Marcos-Duterte: Lakas, PDP-Laban faction, NP, others)",guest,"HONASAN, GRINGO (IND)",IND
2022,UniTeam,"UniTeam Alliance (Marcos-Duterte: Lakas, PDP-Laban faction, NP, others)",guest,"LEGARDA, LOREN (NPC)",NPC
2022,UniTeam,"UniTeam Alliance (Marcos-Duterte: Lakas, PDP-Laban faction, NP, others)",core,"PADILLA, ROBIN (PDPLBN)",PDPLBN
2022,UniTeam,"UniTeam Alliance (Marcos-Duterte: Lakas, PDP-Laban faction, NP, others)",core,"ROQUE, HARRY SPOX (PRP)",PRP
2022,UniTeam,"UniTeam Alliance (Marcos-Duterte: Lakas, PDP-Laban faction, NP, others)",core,"TEODORO, GIBO (PRP)",PRP
2022,UniTeam,"UniTeam Alliance (Marcos-Duterte: Lakas, PDP-Laban faction, NP, others)",core,"VILLAR, MARK (NP)",NP
2022,UniTeam,"UniTeam Alliance (Marcos-Duterte: Lakas, PDP-Laban faction, NP, others)",core,"ZUBIRI, MIGZ (IND)",IND
2025,Alyansa para sa Bagong Pilipinas,"Alyansa para sa Bagong Pilipinas (administration coalition: PFP, Lakas, NP, NUP, NPC)",core,"ABALOS, BENHUR (PFP)",PFP
2025,Alyansa para sa Bagong Pilipinas,"Alyansa para sa Bagong Pilipinas (administration coalition: PFP, Lakas, NP, NUP, NPC)",core,"BINAY, ABBY (NPC)",NPC
2025,Alyansa para sa Bagong Pilipinas,"Alyansa para sa Bagong Pilipinas (administration coalition: PFP, Lakas, NP, NUP, NPC)",core,"BONG REVILLA,RAMON, JR.(LAKAS)",LAKAS
2025,Alyansa para sa Bagong Pilipinas,"Alyansa para sa Bagong Pilipinas (administration coalition: PFP, Lakas, NP, NUP, NPC)",core,"CAYETANO, PIA (NP)",NP
2025,Alyansa para sa Bagong Pilipinas,"Alyansa para sa Bagong Pilipinas (administration coalition: PFP, Lakas, NP, NUP, NPC)",core,"LACSON, PING (IND)",IND
2025,Alyansa para sa Bagong Pilipinas,"Alyansa para sa Bagong Pilipinas (administration coalition: PFP, Lakas, NP, NUP, NPC)",core,"LAPID, LITO (NPC)",NPC
2025,Alyansa para sa Bagong Pilipinas,"Alyansa para sa Bagong Pilipinas (administration coalition: PFP, Lakas, NP, NUP, NPC)",core,"MARCOS, IMEE R. (NP)",NP
2025,Alyansa para sa Bagong Pilipinas,"Alyansa para sa Bagong Pilipinas (administration coalition: PFP, Lakas, NP, NUP, NPC)",core,"PACQUIAO, MANNY PACMAN (PFP)",PFP
2025,Alyansa para sa Bagong Pilipinas,"Alyansa para sa Bagong Pilipinas (administration coalition: PFP, Lakas, NP, NUP, NPC)",core,"SOTTO, TITO (NPC)",NPC
2025,Alyansa para sa Bagong Pilipinas,"Alyansa para sa Bagong Pilipinas (administration coalition: PFP, Lakas, NP, NUP, NPC)",core,"TOLENTINO, FRANCIS TOL (PFP)",PFP
2025,Alyansa para sa Bagong Pilipinas,"Alyansa para sa Bagong Pilipinas (administration coalition: PFP, Lakas, NP, NUP, NPC)",core,"TULFO, ERWIN (LAKAS)",LAKAS
2025,Alyansa para sa Bagong Pilipinas,"Alyansa para sa Bagong Pilipinas (administration coalition: PFP, Lakas, NP, NUP, NPC)",core,"VILLAR, CAMILLE (NP)",NP
2025,DuterTen,"DuterTen (Duterte-aligned slate, PDP-Laban)",core,"BONDOC, JIMMY (PDPLBN)",PDPLBN
2025,DuterTen,"DuterTen (Duterte-aligned slate, PDP-Laban)",core,"DELA ROSA, BATO (PDPLBN)",PDPLBN
2025,DuterTen,"DuterTen (Duterte-aligned slate, PDP-Laban)",core,"GO, BONG GO    (PDPLBN)",PDPLBN
2025,DuterTen,"DuterTen (Duterte-aligned slate, PDP-Laban)",core,"HINLO, JAYVEE (PDPLBN)",PDPLBN
2025,DuterTen,"DuterTen (Duterte-aligned slate, PDP-Laban)",core,"LAMBINO,  RAUL  (PDPLBN)",PDPLBN
2025,DuterTen,"DuterTen (Duterte-aligned slate, PDP-Laban)",core,"MARCOLETA, RODANTE (IND)",IND
2025,DuterTen,"DuterTen (Duterte-aligned slate, PDP-Laban)",core,"MATA, DOC MARITES (IND)",IND
2025,DuterTen,"DuterTen (Duterte-aligned slate, PDP-Laban)",core,"QUIBOLOY, APOLLO (IND)",IND
2025,DuterTen,"DuterTen (Duterte-aligned slate, PDP-Laban)",core,"RODRIGUEZ, ATTY. VIC (IND)",IND
2025,DuterTen,"DuterTen (Duterte-aligned slate, PDP-Laban)",core,"SALVADOR, PHILLIP IPE (PDPLBN)",PDPLBN
2025,Independent / none,No coalition / independent or minor-party slate,none,"AMAD, WILSON (IND)",IND
2025,Independent / none,No coalition / independent or minor-party slate,none,"ARELLANO, ERNESTO (KTPNAN)",KTPNAN
2025,Independent / none,No coalition / independent or minor-party slate,none,"BALLON, ROBERTO (IND)",IND
2025,Independent / none,No coalition / independent or minor-party slate,none,"BOSITA, COLONEL (IND)",IND
2025,Independent / none,No coalition / independent or minor-party slate,none,"CABONEGRO, ROY (DPP)",DPP
2025,Independent / none,No coalition / independent or minor-party slate,none,"CAPUYAN, ALLEN (PPP)",PPP
2025,Independent / none,No coalition / independent or minor-party slate,none,"DE ALBAN,ATTORNEY ANGELO (IND)",IND
2025,Independent / none,No coalition / independent or minor-party slate,none,"ESCOBAL, ARNEL (PM)",PM
2025,Independent / none,No coalition / independent or minor-party slate,none,"GAMBOA, MARC LOUIE (IND)",IND
2025,Independent / none,No coalition / independent or minor-party slate,none,"GONZALES, NORBERTO (PDSP)",PDSP
2025,Independent / none,No coalition / independent or minor-party slate,none,"HONASAN, GRINGO (RP)",RP
2025,Independent / none,No coalition / independent or minor-party slate,none,"JOSE, RELLY JR. (KBL)",KBL
2025,Independent / none,No coalition / independent or minor-party slate,none,"LEE, MANOY WILBERT (AKSYON)",AKSYON
2025,Independent / none,No coalition / independent or minor-party slate,none,"MARQUEZ, NORMAN (IND)",IND
2025,Independent / none,No coalition / independent or minor-party slate,none,"MARTINEZ, ERIC (IND)",IND
2025,Independent / none,No coalition / independent or minor-party slate,none,"MATULA,  ATTY.  SONNY (WPP)",WPP
2025,Independent / none,No coalition / independent or minor-party slate,none,"MENDOZA, HEIDI (IND)",IND
2025,Independent / none,No coalition / independent or minor-party slate,none,"MONTEMAYOR,  JOEY  (IND)",IND
2025,Independent / none,No coalition / independent or minor-party slate,none,"MUSTAPHA, SUBAIR (WPP)",WPP
2025,Independent / none,No coalition / independent or minor-party slate,none,"OLIVAR, JOSE JESSIE (IND)",IND
2025,Independent / none,No coalition / independent or minor-party slate,none,"ONG, DOC WILLIE (AKSYON)",AKSYON
2025,Independent / none,No coalition / independent or minor-party slate,none,"QUERUBIN,  ARIEL PORFIRIO (NP)",NP
2025,Independent / none,No coalition / independent or minor-party slate,none,"REVILLAME, WILLIE WIL (IND)",IND
2025,Independent / none,No coalition / independent or minor-party slate,none,"SAHIDULLA, NUR-ANA (IND)",IND
2025,Independent / none,No coalition / independent or minor-party slate,none,"TAPADO, MICHAEL BONGBONG (PM)",PM
2025,Independent / none,No coalition / independent or minor-party slate,none,"TULFO, BEN BITAG (IND)",IND
2025,Independent / none,No coalition / independent or minor-party slate,none,"VALBUENA, MAR MANIBELA (IND)",IND
2025,Independent / none,No coalition / independent or minor-party slate,none,"VERCELES, LEANDRO (IND)",IND
2025,KiBam,"KiBam (Aquino-Pangilinan, Liberal-backed)",core,"AQUINO, BAM (KNP)",KNP
2025,KiBam,"KiBam (Aquino-Pangilinan, Liberal-backed)",core,"PANGILINAN, KIKO (LP)",LP
2025,Makabayan,Makabayan coalition (progressive party-list bloc),core,"ADONIS, JEROME (MKBYN)",MKBYN
2025,Makabayan,Makabayan coalition (progressive party-list bloc),core,"ANDAMO, NARS ALYN (MKBYN)",MKBYN
2025,Makabayan,Makabayan coalition (progressive party-list bloc),core,"ARAMBULO, RONNEL (MKBYN)",MKBYN
2025,Makabayan,Makabayan coalition (progressive party-list bloc),core,"BROSAS, ARLENE (MKBYN)",MKBYN
2025,Makabayan,Makabayan coalition (progressive party-list bloc),core,"CASIÑO, TEDDY (MKBYN)",MKBYN
2025,Makabayan,Makabayan coalition (progressive party-list bloc),core,"CASTRO, TEACHER FRANCE (MKBYN)",MKBYN
2025,Makabayan,Makabayan coalition (progressive party-list bloc),core,"DORINGO, NANAY MIMI (MKBYN)",MKBYN
2025,Makabayan,Makabayan coalition (progressive party-list bloc),core,"FLORANDA, MODY PISTON (MKBYN)",MKBYN
2025,Makabayan,Makabayan coalition (progressive party-list bloc),core,"LIDASAN, AMIRAH (MKBYN)",MKBYN
2025,Makabayan,Makabayan coalition (progressive party-list bloc),core,"MAZA, LIZA (MKBYN)",MKBYN
2025,Makabayan,Makabayan coalition (progressive party-list bloc),core,"RAMOS, DANILO (MKBYN)",MKBYN
2025,Partido Lakas ng Masa,Partido Lakas ng Masa / Bunyog (labor-left bloc),core,"D'ANGELO, DAVID (BUNYOG)",BUNYOG
2025,Partido Lakas ng Masa,Partido Lakas ng Masa / Bunyog (labor-left bloc),core,"DE GUZMAN, KA LEODY (PLM)",PLM
2025,Partido Lakas ng Masa,Partido Lakas ng Masa / Bunyog (labor-left bloc),core,"ESPIRITU, LUKE (PLM)",PLM
